{
  "auc": 0.9257575757575758,
  "accuracy": 0.8389261744966443,
  "precision": 0.8715596330275229,
  "recall": 0.9047619047619048,
  "f1": 0.8878504672897196,
  "n_contractions": 149,
  "n_features": 12,
  "n_days": 18,
  "n_subjects": 3,
  "subjects": [
    "Laiba",
    "Laiba_Tariq",
    "Subject_A"
  ],
  "fold_aucs": [
    0.9365079365079365,
    0.8941798941798941,
    0.9523809523809523,
    0.8835978835978836,
    0.9821428571428572
  ],
  "fold_mean_auc": 0.9297619047619048,
  "fold_std_auc": 0.036600794414704534,
  "model_type": "GradientBoosting"
}